~~,142,63,54,180,88,P,7629,2493,366,30.8,33.4,T,1491417182192428,158,
~~,142,63,54,181,88,P,7899,2586,-720,30.1,34.1,T,1491417184173996,80,
~~,142,63,54,182,88,P,6093,2418,498,35.1,35.1,T,1491417186192428,231,
~~,142,63,54,183,88,P,3828,2201,-603,34.2,31.7,T,1491415426584748,252,
~~,142,63,54,184,88,P,6442,2138,-684,31.8,33.4,T,1491417190192428,45,
~~,142,63,54,185,88,P,6326,2479,997,33.4,34.8,T,1491417192192428,116,
~~,142,63,54,186,88,P,6529,2114,-208,34.8,35.1,T,1491417194192428,152,
~~,142,63,54,187,88,P,6250,2302,161,35.7,35.2,T,1491417196192428,85,
~~,142,63,54,188,88,P,7207,2552,651,31.1,35.3,T,1491417198192428,181,
~~,142,63,54,189,88,P,6687,2519,395,34.8,32.9,T,1491417200192428,177,
~~,142,63,54,190,88,P,6381,2565,-421,33.2,31.1,T,1491417202192428,230,
~~,142,63,54,191,88,P,4815,2350,-980,30.1,33.2,T,1491417204192428,250,
~~,142,63,54,192,88,P,3267,2244,204,34.3,31.6,T,4469062247557724460,148,
~~,142,63,54,193,88,P,6377,2545,415,31.4,34.8,T,1491417208192428,58,
~~,142,63,54,194,88,P,6656,2396,856,31.5,32.0,T,1491417210192428,240,
~~,142,63,54,195,88,P,6034,2496,516,30.2,34.3,T,1491417212192428,36,
~~,142,63,54,196,88,P,5524,2518,-315,33.0,34.6,T,1491417214192428,14,
~~,142,63,54,197,88,P,6893,2494,-1000,31.6,30.6,T,1491417216192428,137,
~~,142,63,54,198,88,P,6404,2474,512,0.0,35.7,T,1491417218192428,78,
~~,142,63,54,199,88,P,4916,2134,688,30.8,31.2,T,1491417220192428,206,
~~,142,63,54,200,88,P,5871,2155,741,34.5,31.5,T,1491417222192428,122,
~~,142,63,54,201,88,P,3543,2254,-982,33.7,35.8,T,1491417224192428,178,
~~,142,63,54,202,88,P,4084,2303,964,33.4,30.4,T,1491417226192428,214,
~~,142,63,54,203,88,P,4577,2236,421,35.5,31.0,T,1491417228192428,11,
~~,142,63,54,204,88,P,3230,2242,878,30.8,30.7,T,1491417230192428,144,
~~,142,63,54,205,88,P,4476,2210,79,35.5,34.5,T,1491417232192428,118,
~~,142,63,54,206,88,P,3243,2182,-218,33.2,33.1,T,1491417234192428,147,
~~,142,63,54,207,88,P,5307,2498,-402,30.1,34.3,T,1491417236192428,230,
~~,142,63,54,208,88,P,4963,2339,-699,30.7,33.0,T,1491417238192428,235,
~~,142,63,54,209,88,P,7326,2332,-65,33.5,31.7,T,1491417240192428,255,
~~,142,63,54,210,88,P,4695,2359,-54,36.0,32.5,T,1491417242192428,229,
~~,142,63,54,211,88,P,7270,2202,176,33.1,34.3,T,1491417244192428,105,
~~,142,63,54,212,88,P,6256,2179,-985,32.7,31.6,T,1491417246192428,2,
~~,142,63,54,213,88,P,6676,2371,-303,33.4,31.9,T,1491417248192428,193,
~~,142,63,54,214,88,P,4244,2533,628,30.6,34.9,T,1491417250192428,220,
~~,142,63,54,215,88,P,7134,2174,307,33.3,33.3,T,1491417252192428,2,
~~,142,63,54,216,88,P,4571,2231,-28,35.1,31.5,T,1491417254192428,3,
~~,142,63,54,217,88,P,7634,2183,664,30.8,30.6,T,1491417256192428,137,
~~,142,63,54,218,88,P,5516,2413,168,30.3,31.7,T,1491417258192428,184,
~~,142,63,54,219,88,P,4078,2387,-817,31.0,30.6,T,1491417260192428,50,
~~,142,63,54,220,88,P,6416,2508,798,35.6,35.3,T,1491417262192428,182,
~~,142,63,54,221,88,P,4219,2587,-256,31.7,30.7,T,1491417264192428,87,
~~,142,63,54,222,88,P,7721,2153,-970,35.2,30.0,T,1491417266192428,219,
~~,142,63,54,223,88,P,7325,2589,-277,33.1,30.8,T,1491417268192428,230,
~~,142,63,54,224,88,P,4354,2203,-895,35.2,36.2,T,1491417270192428,12,
~~,142,63,54,225,88,P,7116,2521,115,35.9,34.8,T,1491417272192428,231,
~~,142,63,54,226,88,P,5399,2423,-303,30.5,32.8,T,1491417274192428,205,
~~,142,63,54,227,88,P,3716,2196,-539,36.3,31.5,T,1491417276192428,232,
~~,142,63,54,228,88,P,5756,2286,121,34.0,33.1,T,1491417278192428,216,
~~,142,63,54,229,88,P,3150,2291,-877,30.4,34.1,T,1491417280192428,236,
~~,142,63,54,230,88,P,3885,2318,555,35.9,33.3,T,1491417282192428,252,
~~,142,63,54,231,88,P,7920,2328,-669,30.1,33.3,T,1491417284192428,4,
~~,142,63,54,232,88,P,6751,2295,222,36.0,30.1,T,1491417286192428,253,
~~,142,63,54,233,88,P,4608,2436,149,32.0,32.5,T,1491417288192428,12,
~~,142,63,54,234,88,P,3327,2475,420,36.1,30.0,T,1491417290192428,167,
~~,142,63,54,235,88,P,5298,2514,540,36.0,31.9,T,1491417292192428,23,
~~,142,63,54,236,88,P,7032,2203,-393,33.5,36.3,T,1491417294192428,242,
~~,142,63,54,237,88,P,4842,2109,232,31.7,30.6,T,1491417296192428,156,
~~,142,63,54,238,88,P,5282,2335,582,35.5,31.9,T,1491417298192428,71,
~~,142,63,54,239,88,P,3345,2444,512,31.7,32.3,T,1491417300192428,183,
~~,142,63,54,240,88,P,7457,2572,264,32.7,30.7,T,1491417302192428,240,
~~,142,63,54,241,88,P,4928,2584,48,30.0,35.0,T,1491417304192428,117,
~~,142,63,54,242,88,P,6096,2458,251,36.0,30.9,T,1491417306192428,93,
~~,142,63,54,243,88,P,4480,2339,508,31.0,34.2,T,1491417308192428,22,
~~,142,63,54,244,88,P,5838,2594,278,34.7,34.9,T,1491417310192428,88,
~~,142,63,54,245,88,P,5535,2264,156,35.4,31.7,T,1491417312192428,68,
~~,142,63,54,246,91,P,7325,2113,682,33.4,33.1,T,1491417314192428,167,
~~,142,63,54,247,88,P,5421,2180,-844,32.0,34.7,T,1491417316192428,178,
~~,142,63,54,248,88,P,4023,2593,54,30.4,33.6,T,1491417318192428,255,
~~,142,63,54,250,88,P,6550,2200,750,35.0,36.1,T,1491417322192428,88,
~~,142,63,54,251,88,P,6987,2134,6,31.6,34.8,T,1491417324192428,216,
~~,142,63,54,252,88,P,5039,2384,-758,32.2,34.1,T,1491417326192428,93,
~~,142,63,54,253,88,P,7863,2548,518,30.0,30.1,T,1491417328192428,190,
~~,142,63,54,254,88,P,4512,2561,-86,32.4,30.8,T,1491417330192428,240,
~~,142,63,54,255,88,P,5662,2389,367,31.6,30.4,T,1491417332192428,59,
~~,142,63,54,0,88,P,7693,2184,863,34.6,32.8,T,1491417334192428,198,
~~,142,63,54,1,88,P,5717,2225,257,31.9,33.1,T,1491417336192428,177,
~~,142,63,54,2,88,P,4546,2103,786,30.3,33.2,T,58349362633744940,155,
~~,142,63,54,3,88,P,3662,2543,-929,31.4,30.6,T,1491417340192428,254,
~~,142,63,54,4,88,P,5331,2106,729,35.9,35.3,T,1491417342192428,41,
~~,142,63,54,5,88,P,5396,2520,69,34.3,33.4,T,1491417344192428,220,
~~,142,63,54,6,88,P,5716,2598,436,35.3,32.6,T,1491417346192428,182,
~~,142,63,54,7,88,P,4884,2377,-767,35.9,31.8,T,1491417348192428,108,
~~,142,63,54,8,88,P,4099,2161,-208,33.3,32.7,T,1491417350192428,21,
~~,142,63,54,9,88,P,6308,2573,732,36.3,34.3,T,1491417352192428,205,
~~,142,63,54,10,88,P,5916,2517,615,35.6,30.7,T,1491417354192428,11,
~~,142,63,54,11,88,P,3539,2314,-695,32.7,33.9,T,1491417356192428,37,
~~,142,63,54,12,88,P,4016,2462,-53,32.9,31.1,T,1491417358192428,36,
~~,142,63,54,13,88,P,4489,2582,40,34.0,32.9,T,1491417360192428,49,
~~,142,63,54,14,88,P,3885,2443,40,31.2,36.3,T,1491417362192428,240,
~~,142,63,54,15,88,P,7431,2335,-30,30.7,34.0,T,1491417364192428,179,
~~,142,63,54,16,88,P,6515,2232,510,30.6,31.0,T,1491417366192428,144,
~~,142,63,54,17,88,P,5868,2405,-663,33.5,33.5,T,1491417368192428,171,
~~,142,63,54,18,88,P,4372,2582,779,31.4,31.2,T,1491417370192428,54,
~~,142,63,54,19,88,P,4428,2345,478,30.5,32.8,T,1491417372192428,240,
~~,142,63,54,20,88,P,6807,2237,804,33.6,31.9,T,1491417374192428,135,
~~,142,63,54,21,88,P,5387,2386,160,31.7,30.3,T,1491417376192428,8,
~~,142,63,54,22,88,P,7599,2172,-931,32.8,33.2,T,1491417378192428,45,
~~,142,63,54,23,88,P,7440,2589,883,33.4,31.9,T,1491417380192428,239,
~~,142,63,54,24,88,P,6675,2487,920,35.6,34.4,T,1491417382192428,221,
~~,142,63,54,25,88,P,5683,2562,933,33.7,32.3,T,1491417384192428,109,
~~,142,63,54,26,88,P,4824,2485,685,32.5,34.7,T,1491417386192428,226,
~~,142,63,54,27,88,P,5843,2311,97,34.2,36.2,T,1491417388192428,156,
~~,142,63,54,28,88,P,5337,2490,-9,31.6,35.0,T,1491417390192428,81,
~~,142,63,54,29,88,P,5834,2282,-154,34.1,33.5,T,1491417392192428,147,
~~,142,63,54,30,88,P,5084,2492,687,33.4,33.5,T,1491417394192428,71,
~~,142,63,54,31,88,P,3566,2307,-310,32.4,31.0,T,1491417396192428,220,
~~,142,63,54,32,88,P,4342,2415,850,30.6,35.8,T,1491417398192428,149,
~~,142,63,54,33,88,P,5721,2321,417,30.2,35.4,T,1491417400192428,34,
~~,142,63,54,34,88,P,6391,2432,-285,34.9,33.9,T,1491417402192428,143,
~~,142,63,54,35,88,P,6888,2351,771,33.8,35.6,T,1491417404192428,159,
~~,142,63,54,36,88,P,6582,2545,-336,33.2,33.0,T,1491417406192428,99,
~~,142,63,54,37,88,P,6276,2470,-524,35.5,31.4,T,1491417408192428,116,
~~,142,63,54,38,88,P,6090,2268,-940,36.1,35.1,T,1491417410192428,75,
~~,142,63,54,39,88,P,3865,2560,-943,34.8,32.7,T,1491417412192428,226,
~~,142,63,54,40,88,P,7330,2264,310,31.8,35.3,T,1491417414192428,107,
~~,142,63,54,41,88,P,7345,2255,273,33.5,31.6,T,1491417416192428,123,
~~,142,63,54,42,88,P,3136,2349,-98,33.6,33.9,T,1491417418192428,213,
~~,142,63,54,43,88,P,5049,2412,-482,32.4,35.1,T,1491417420192428,116,
~~,142,63,54,44,88,P,7932,2567,-239,30.4,35.0,T,1491417422192428,134,
~~,142,63,54,45,88,P,7542,2301,246,31.3,34.2,T,1491417424192428,15,
~~,142,63,54,46,88,P,7340,2405,-952,34.0,33.7,T,1491417426192428,232,
~~,142,63,54,47,88,P,4420,2405,-935,33.7,32.4,T,1491417428192428,54,
~~,142,63,54,48,88,P,6510,2220,-27,35.8,33.6,T,1491417430192428,233,
~~,142,63,54,49,88,P,7670,2441,458,33.7,30.9,T,1491417432192428,165,
~~,142,63,54,50,88,P,3291,2114,550,34.9,35.1,T,1491417434192428,97,
~~,142,63,54,51,88,P,5913,2398,-675,30.4,32.3,T,1491417436192428,239,
~~,142,63,54,52,88,P,3240,2248,424,30.0,36.1,T,1491417438192428,108,
~~,142,63,54,53,88,P,4676,2301,-998,30.4,31.5,T,1491417440192428,46,
~~,142,63,54,54,88,P,3030,2548,-418,31.9,34.5,T,1491417442192428,20,
~~,142,63,54,55,88,P,6692,2386,714,33.7,33.5,T,1491417444192428,189,
~~,142,63,54,56,88,P,6114,2356,-926,32.5,34.3,T,1491417446192428,109,
~~,142,63,54,57,88,P,6869,2519,120,35.5,34.0,T,1491417448192428,123,
~~,142,63,54,58,88,P,4807,2586,678,30.9,34.2,T,1491417450192428,37,
~~,142,63,54,59,88,P,4776,2343,861,31.9,34.3,T,1491417452192428,81,
~~,142,63,54,60,88,P,5156,2550,764,30.0,31.8,T,1491417454192428,110,
~~,142,63,54,61,88,P,7796,2361,-636,33.4,34.0,T,1491417456192428,242,
~~,142,63,54,62,88,P,4682,2417,359,33.4,31.3,T,1491417458192428,0,
~~,142,63,54,63,88,P,7547,2360,-381,31.0,34.7,T,1491417460192428,182,
~~,142,63,54,64,88,P,7264,2393,-476,33.1,32.8,T,1491417462192428,233,
~~,142,63,54,65,88,P,6995,2228,-4,30.1,35.3,T,1491417464192428,165,
~~,142,63,54,66,88,P,6758,2417,-709,32.1,33.9,T,1491417466192428,110,
~~,142,63,54,67,88,P,7839,2502,176,33.9,33.5,T,1491417468192428,50,
~~,142,63,54,68,88,P,3895,2307,691,30.4,34.3,T,1491417470192428,94,
~~,142,63,54,69,88,P,3333,2151,-42,34.8,30.2,T,1491026630168492,232,
~~,142,63,54,70,88,P,7098,2541,-676,35.6,36.2,T,1491417474192428,178,
~~,142,63,54,71,88,P,7502,2570,-547,30.0,30.6,T,1491417476192428,201,
~~,142,63,54,72,88,P,3787,2177,-144,35.2,35.6,T,1491417478192428,199,
~~,142,63,54,73,88,P,5144,2542,351,30.6,31.5,T,1491417480192428,71,
~~,142,63,54,74,88,P,7477,2516,-160,36.1,34.4,T,1491417482192428,196,
~~,142,63,54,75,88,P,5786,2223,863,30.5,32.5,T,1491417484192428,176,
~~,142,63,54,76,88,P,4081,2444,-255,33.8,34.3,T,1491417486192428,141,
~~,142,63,54,77,88,P,6717,2203,917,30.3,36.2,T,1491417488192428,124,
~~,142,63,54,78,88,P,6549,2558,-579,34.5,36.3,T,1491417490192428,80,
~~,142,63,54,79,88,P,3530,2347,-204,35.5,35.8,T,1491417492192428,88,
~~,142,63,54,80,88,P,7326,2105,-183,31.8,33.8,T,1491417494192428,103,
~~,142,63,54,81,88,P,3230,2599,738,35.0,35.4,T,1491417496192428,151,
~~,142,63,54,82,88,P,6208,2478,-954,35.9,32.8,T,1491417498192428,241,
~~,142,63,54,83,88,P,7575,2110,49,33.7,34.9,T,1491417500192428,245,
~~,142,63,54,84,88,P,4877,2513,-734,35.4,31.7,T,1491417502192428,241,
~~,142,63,54,85,88,P,4618,2430,-138,30.0,30.7,T,1491417504192428,15,
~~,142,63,54,86,88,P,3080,2561,-714,33.9,31.8,T,1491417506192428,126,
~~,142,63,54,87,88,P,4812,2548,-8,34.5,36.2,T,1491417508192428,169,
~~,142,63,54,88,88,P,6122,2121,359,32.2,31.7,T,1491417510192428,224,
~~,142,63,54,89,88,P,6546,2489,-360,35.3,35.7,T,1491417512192428,44,
~~,142,63,54,90,88,P,4820,2264,-925,35.8,31.0,T,1491417514192428,15,
~~,142,63,54,91,88,P,5339,2290,-801,34.6,32.6,T,1491417516192428,73,
~~,142,63,54,92,88,P,3153,2271,-225,33.1,33.7,T,1491417518192428,138,
~~,142,63,54,93,88,P,7349,2179,639,32.1,30.8,T,1491417520192428,19,
~~,142,63,54,94,88,P,3677,2111,-419,33.2,34.7,T,1491417522192428,140,
~~,142,63,54,95,88,P,5607,2542,899,32.1,33.6,T,1491417524192428,19,
~~,142,63,54,96,88,P,4759,2439,-456,33.4,33.7,T,1491417526192428,234,
~~,142,63,54,97,88,P,4353,2447,535,32.9,35.4,T,1491417528192428,103,
~~,142,63,54,98,88,P,3568,2250,516,34.9,33.4,T,1491417530192428,47,
~~,142,63,54,99,88,P,5247,2104,-767,31.5,30.4,T,1491417532192428,80,
~~,142,63,54,100,88,P,7517,2378,-941,34.8,31.0,T,1491417534192428,185,
~~,142,63,54,101,88,P,4872,2381,469,30.6,35.6,T,1491417536192428,103,
~~,142,63,54,102,88,P,5998,2479,-319,33.0,32.1,T,1491417538192428,152,
~~,142,63,54,103,88,P,3242,2214,898,33.5,34.0,T,1491417540192428,112,
~~,142,63,54,104,88,P,3621,2573,-462,35.6,30.2,T,1491417542192428,203,
~~,142,63,54,105,88,P,5515,2313,-129,35.3,33.8,T,1491417544192428,209,
~~,142,63,54,106,88,P,6996,2333,-761,35.2,30.9,T,1491417546192428,96,
~~,142,63,54,107,88,P,6012,2380,19,33.6,30.9,T,1491417548192428,235,
~~,142,63,54,108,88,P,4366,2192,-709,33.2,30.0,T,1491417550192428,223,
~~,212,63,54,109,88,P,5889,2371,630,30.1,34.3,T,1491417552192428,194,
~~,142,63,54,110,88,P,7023,2141,465,31.0,36.2,T,1491417554192428,157,
~~,142,63,54,111,88,P,3340,2161,-983,34.0,33.7,T,1491417556192428,126,
~~,142,63,54,112,88,P,5406,2572,-468,31.5,33.0,T,1491417558192428,190,
~~,142,63,54,113,88,P,6783,2452,-679,35.6,34.8,T,1491417560192428,70,
~~,142,63,54,114,88,P,6078,2203,411,33.1,36.1,T,1491417562192428,165,
~~,142,63,54,115,88,P,4625,2144,403,35.6,32.9,T,1491417564192428,125,
~~,142,63,54,116,88,P,5121,2329,119,35.9,33.6,T,1491417566192428,192,
~~,142,63,54,117,88,P,4130,2346,832,34.9,34.8,T,1491417568192428,160,
~~,142,63,54,118,88,P,3922,2547,203,35.4,30.0,T,1491417570192428,39,
~~,142,63,54,119,88,P,7440,2590,230,31.0,35.8,T,1491417572192428,226,
~~,142,63,54,120,88,P,4369,2567,-656,33.9,30.1,T,1491417574192428,117,
~~,142,63,54,121,88,P,7496,2400,-133,34.8,32.1,T,1491417576192428,140,
~~,142,63,54,122,88,P,7406,2585,-180,35.4,34.6,T,1491417578192428,25,
~~,142,63,54,123,88,P,7169,2268,621,34.2,33.6,T,1491417580192428,18,
~~,142,63,54,124,88,P,4316,2289,-846,33.2,32.5,T,1491417582192428,224,
~~,142,63,54,125,88,P,6406,2111,-207,30.3,34.3,T,1491417584192428,196,
~~,142,63,54,126,88,P,7059,2108,-872,31.2,31.2,T,1491417586192428,198,
~~,142,63,54,127,88,P,3502,2314,118,34.1,32.7,T,1491417588192428,184,
~~,142,63,54,128,88,P,3650,2327,-863,32.4,31.6,T,1491417590192428,231,
~~,142,63,54,129,88,P,7854,2242,-56,34.1,30.3,T,1491417592192428,111,
~~,142,63,54,130,88,P,4642,2527,334,32.8,35.7,T,1491417594192428,20,
~~,142,63,54,131,88,P,4783,2514,-449,33.9,34.4,T,1491417596192428,131,
~~,142,63,54,132,88,P,5729,2258,-226,33.1,32.1,T,1491417598192428,233,
~~,142,63,54,133,88,P,3906,2379,864,34.5,33.5,T,1491417600192428,15,
~~,142,63,54,134,88,P,6563,2246,87,30.2,36.0,T,1491417602192428,36,
~~,142,63,54,135,88,P,3705,2564,372,30.6,34.3,T,1491417604192428,228,
~~,142,63,54,136,88,P,3338,2329,-1,31.5,36.0,T,1491417606192428,121,
~~,142,63,54,137,88,P,4673,2490,777,32.1,34.8,T,1491417608192428,112,
~~,142,63,54,138,88,P,7293,2248,-563,35.0,30.6,T,1491417610192428,71,
~~,142,63,54,139,88,P,4640,2300,-1000,32.0,32.7,T,1491417612192428,22,
~~,142,63,54,140,88,P,3689,2309,449,36.2,31.2,T,1491417614192428,216,
~~,142,63,54,141,88,P,5078,2338,-346,35.9,30.0,T,1491417616192428,83,
~~,142,63,54,142,88,P,3813,2570,-264,32.4,31.6,T,1491417618192428,252,
~~,142,63,54,143,88,P,6848,2480,448,33.8,35.2,T,1491417620192428,80,
~~,142,63,54,144,88,P,6286,2378,-169,32.4,36.0,T,1491417622192428,54,
~~,142,63,54,145,88,P,3489,2251,-981,31.8,32.5,T,1491417624192428,227,
~~,142,63,54,146,88,P,3470,2431,-717,31.2,34.7,T,1491417626192428,3,
~~,142,63,54,147,88,P,4960,2323,599,30.6,34.3,T,1491417628192428,85,
~~,142,63,54,148,88,P,7476,2138,297,31.6,30.1,T,1491417630192428,90,
~~,142,63,54,149,88,P,3846,2500,991,36.1,36.0,T,1491417632192428,232,
~~,142,63,54,150,88,P,7892,2211,672,31.6,34.6,T,1491417634192428,131,
~~,142,63,54,151,88,P,5896,2486,579,30.7,34.5,T,1491417636192428,134,
~~,142,63,54,152,88,P,6144,2122,-133,35.2,30.1,T,1491417638192428,159,
~~,142,63,54,153,88,P,5142,2567,450,33.4,32.5,T,1491417640192428,92,
~~,142,63,54,154,88,P,6484,2106,-736,32.1,35.3,T,1491417642192428,90,
~~,142,63,54,155,88,P,3538,2299,273,34.1,31.6,T,1491417644192428,32,
~~,142,63,54,156,88,P,4362,2511,219,34.6,33.1,T,1491417646192428,12,
~~,142,63,54,157,88,P,3447,2245,-811,30.9,30.6,T,1491417648192428,211,
~~,142,63,54,158,88,P,3933,2204,428,32.9,30.0,T,1491417650192428,5,
~~,142,63,54,159,88,P,7434,2180,-781,33.2,30.1,T,1491417652192428,249,
~~,142,63,54,160,88,P,3903,2415,271,35.1,32.3,T,1491417654192428,119,
~~,142,63,54,161,88,P,4010,2159,-112,36.0,30.2,T,1491417656192428,119,
~~,142,63,54,162,88,P,5627,2142,-681,35.3,32.9,T,1491417658192428,51,
~~,142,63,54,163,88,P,7040,2137,-375,30.2,35.4,T,1491417660192428,113,
~~,142,63,54,164,88,P,7378,2281,216,32.9,35.6,T,1491417662192428,251,
~~,142,63,54,165,88,P,4666,2545,-327,35.1,36.3,T,1491417664192428,116,
~~,142,63,54,166,88,P,3920,2406,-636,34.3,33.1,T,1491417666192428,37,
~~,142,63,54,167,88,P,3448,2405,-800,31.5,32.3,T,1491417668192428,165,
~~,142,63,54,168,88,P,5638,2426,949,30.6,32.9,T,1491417670192428,252,
~~,142,63,54,169,88,P,5863,2529,-808,33.4,35.1,T,1491417672192428,66,
~~,142,63,54,170,88,P,7696,2327,-164,35.1,35.3,T,1491417674192428,29,
~~,142,63,54,171,88,P,3902,2363,-591,30.9,32.0,T,1491417676192428,174,
~~,142,63,54,172,88,P,6642,2457,-251,33.6,33.0,T,1491417678192428,243,
~~,142,63,54,173,88,P,3690,2400,-190,35.0,33.5,T,1491417680192428,74,
~~,142,63,54,174,88,P,3227,2439,337,34.3,33.4,T,1491417682192428,199,
~~,142,63,54,175,88,P,4629,2251,631,30.3,30.4,T,1491417684192428,255,
~~,142,63,54,176,88,P,5867,2182,462,33.6,35.1,T,1491417686192428,160,
~~,142,63,54,177,88,P,3646,2119,908,33.6,34.0,T,1491417688192428,187,
~~,142,63,54,178,88,P,3775,2393,-562,32.4,35.5,T,1491417690192428,196,
~~,142,63,54,179,88,P,7056,2427,-490,30.3,34.0,T,1491417692192428,123,
~~,142,63,54,180,88,P,4432,2487,-705,33.4,33.5,T,1491417694192428,35,
~~,142,63,54,181,88,P,6351,2116,-733,31.7,33.5,T,1491417696192428,26,
~~,142,63,54,182,88,P,4965,2326,-864,34.7,31.7,T,1491417698192428,9,
~~,142,63,54,183,88,P,5593,2219,-813,31.0,31.8,T,1491417700192428,204,
~~,142,63,54,184,88,P,5487,2378,123,31.9,30.4,T,1491417702192428,203,
~~,142,63,54,185,88,P,3394,2129,300,30.0,35.0,T,1491417704192428,9,
~~,142,63,54,186,88,P,7910,2166,-579,31.8,33.5,T,1491417706192428,123,
~~,142,63,54,187,88,P,3823,2108,-18,34.0,35.6,T,1491417708192428,58,
~~,142,63,54,188,88,P,7931,2130,329,31.0,33.8,T,1491417710192428,183,
~~,142,63,54,189,88,P,5272,2356,809,35.7,32.0,T,1491417712192428,30,
~~,142,63,54,190,88,P,3220,2525,960,30.8,34.5,T,1491417714192428,221,
~~,142,63,54,191,88,P,7149,2194,589,33.7,30.6,T,1491417716192428,27,
~~,142,63,54,192,88,P,5039,2552,-669,35.2,33.0,T,1491417718192428,158,
~~,142,63,54,193,88,P,4552,2469,713,35.1,30.6,T,1491417720192428,100,
~~,228,63,54,194,88,P,6214,2345,-90,35.1,34.7,T,1491417722192428,51,
~~,142,63,54,195,88,P,6084,2282,213,32.9,30.2,T,1491417724192428,230,
~~,142,63,54,196,88,P,5353,2376,-810,31.5,31.5,T,1491417726192428,68,
~~,142,63,54,197,88,P,7870,2403,-832,34.5,31.3,T,1491417728192428,33,
~~,142,63,54,198,88,P,7117,2582,548,34.7,32.7,T,1491417730192428,193,
~~,142,63,54,199,88,P,6383,2326,32,31.3,30.7,T,1491417732192428,188,
~~,142,63,54,200,88,P,4377,2274,-287,31.0,33.6,T,1491417734192428,208,
~~,142,63,54,201,88,P,6164,2415,9,31.4,33.4,T,1491417736192428,241,
~~,142,63,54,202,88,P,7287,2600,-679,30.7,0.0,T,1491417738192428,107,
~~,142,63,54,203,88,P,4978,2547,529,32.3,36.3,T,1491417740192428,156,
~~,142,63,54,204,88,P,7197,2580,73,33.6,36.1,T,1491417742192428,96,
~~,142,63,54,205,88,P,3755,2128,358,34.7,36.1,T,1491417744192428,90,
~~,142,63,54,206,88,P,4609,2587,380,35.2,33.9,T,1491417746192428,9,
~~,142,63,54,207,88,P,5861,2585,-179,33.8,30.0,T,1491417748192428,101,
~~,142,63,54,208,88,P,5270,2486,790,34.1,34.3,T,1491417750192428,250,
~~,142,63,54,209,88,P,6721,2576,324,33.5,35.3,T,1491417752192428,155,
~~,142,63,54,210,88,P,3559,2294,-775,31.9,32.5,T,1491417754192428,117,
~~,142,63,54,211,88,P,6726,2330,-951,36.2,32.7,T,1491417756192428,68,
~~,142,63,54,212,88,P,6380,2218,-889,32.1,35.2,T,1491417758192428,190,
~~,142,63,54,213,88,P,6146,2521,-202,34.6,34.6,T,1491417760192428,144,
~~,142,63,54,214,88,P,4401,2137,56,33.4,32.3,T,1491417762192428,228,
~~,142,63,54,215,88,P,3651,2306,807,35.0,33.3,T,1491417764192428,251,
~~,142,63,54,216,88,P,3446,2226,-703,33.4,33.9,T,1491417766192428,235,
~~,142,63,54,217,88,P,3864,2582,-380,33.5,34.9,T,1491417768192428,111,
~~,142,63,54,218,88,P,3128,2234,-618,35.5,30.3,T,1491417770192428,148,
~~,142,63,54,219,88,P,7213,2549,70,33.4,30.7,T,1491417772192428,142,
~~,142,63,54,220,88,P,7400,2578,-145,32.3,31.7,T,1491417774192428,105,
~~,142,63,54,221,88,P,3567,2330,-396,31.3,30.6,T,1491417776192428,88,
~~,142,63,54,222,88,P,4729,2181,118,34.7,31.1,T,1491417778192428,15,
~~,142,63,54,223,88,P,5138,2531,-511,31.3,30.1,T,1491417780192428,147,
~~,142,63,54,224,88,P,7931,2569,487,34.2,34.6,T,1491417782192428,34,
~~,142,63,54,225,88,P,5446,2476,938,34.6,34.5,T,1491417784192428,82,
~~,142,63,54,226,88,P,4627,2250,-803,30.4,30.3,T,1491417786192428,111,
~~,142,63,54,227,88,P,5049,2419,-810,36.1,30.2,T,1491417788192428,201,
~~,142,63,54,228,88,P,7993,2141,-999,34.6,35.6,T,1491417790192428,198,
~~,142,63,54,229,88,P,4840,2222,-55,31.7,30.9,T,1491417792192428,72,
~~,142,63,54,230,88,P,7712,2387,-577,31.8,33.5,T,1491417794192428,43,
~~,142,63,54,231,88,P,4548,2550,-154,33.4,35.5,T,1491417796192428,0,
~~,142,63,54,232,88,P,4194,2181,228,34.2,31.2,T,1491417798192428,84,
~~,142,63,54,233,88,P,5581,2463,797,35.2,30.6,T,1491417800192428,101,
~~,142,63,54,234,88,P,7141,2532,-491,34.7,33.4,T,1491417802192428,212,
~~,142,63,54,235,88,P,3120,2273,-356,31.4,31.0,T,1491417804192428,42,
~~,142,63,54,236,88,P,3610,2301,-487,34.1,35.3,T,1491417806192428,59,
~~,142,63,54,237,88,P,4607,2579,364,32.0,35.8,T,1491417808192428,209,
~~,142,63,54,238,88,P,4835,2370,-544,30.1,31.3,T,1491417810192428,106,
~~,142,63,54,239,88,P,4873,2242,-611,33.3,32.8,T,1491417812192428,180,
~~,142,63,54,240,88,P,3748,2341,-790,36.0,30.1,T,1491417814192428,73,
~~,142,63,54,241,88,P,4167,2270,52,31.0,35.6,T,1491417816192428,117,
~~,142,63,54,242,88,P,4733,2365,6,33.6,31.2,T,1491417818192428,249,
~~,142,63,54,243,88,P,4439,2431,-592,30.1,32.4,T,1491417820192428,42,
~~,142,63,54,244,88,P,4145,2542,-691,35.7,36.1,T,1491417822192428,196,
~~,142,63,54,245,88,P,6919,2290,258,32.8,31.4,T,1491417824192428,79,
~~,142,63,54,246,88,P,3927,2375,-342,31.4,31.0,T,1491417826192428,254,
~~,142,63,54,247,88,P,4478,2348,139,33.3,30.7,T,1491417828192428,217,
~~,142,63,54,248,88,P,6850,2417,-941,30.0,34.7,T,1491417830192428,88,
~~,142,63,54,249,88,P,5158,2358,-143,33.6,31.8,T,1491417832192428,232,
~~,142,63,54,250,88,P,3414,2130,614,34.2,31.6,T,1491417834192428,132,
~~,142,63,54,251,88,P,6147,2516,458,35.3,36.1,T,1491417836192428,138,
~~,142,63,54,252,88,P,7034,2588,-324,33.7,30.9,T,1491417838192428,247,
~~,142,63,54,253,88,P,4661,2844,-232,34.1,35.0,T,1491417840192428,152,
~~,142,63,54,254,88,P,7134,2439,983,33.3,36.1,T,1491417842192428,145,
~~,142,63,54,255,88,P,5409,2390,946,35.4,33.2,T,1491417844192428,143,
~~,142,63,54,0,88,P,7354,2150,-429,32.5,34.0,T,1491417846192428,52,
~~,142,63,54,1,88,P,5521,2486,-428,32.5,34.4,T,1491417848192428,234,
~~,142,63,54,2,88,P,4153,2308,-713,35.6,31.3,T,1491417850192428,242,
~~,142,63,54,3,88,P,4107,2422,176,34.6,36.3,T,1491417852192428,231,
~~,142,63,54,4,88,P,6640,2424,197,32.6,31.0,T,1491417854192428,6,
~~,142,63,54,5,88,P,6771,2487,561,32.0,30.0,T,1491417856192428,194,
~~,142,63,54,6,88,P,7050,2483,-792,32.0,34.0,T,1491417858192428,176,
~~,142,63,54,7,88,P,4831,2541,374,32.0,32.9,T,1491417860192428,127,
~~,142,63,54,8,88,P,5643,2182,-714,30.2,30.4,T,1491417862192428,1,
~~,142,63,54,9,88,P,4523,2519,-734,32.7,34.7,T,1491417864192428,192,
~~,142,63,54,10,88,P,4398,2537,-289,31.5,34.5,T,1491417866192428,86,
~~,142,63,54,11,88,P,5063,2302,-742,31.8,32.1,T,1491417868192428,95,
~~,142,63,54,12,88,P,4540,2184,571,32.3,32.9,T,1491417870192428,138,
~~,142,63,54,13,88,P,7915,2577,923,36.0,35.9,T,1491417872192428,252,
~~,142,63,54,14,88,P,4347,2178,853,30.1,36.2,T,1491417874192428,228,
~~,142,63,54,15,88,P,7938,2382,-415,31.6,30.1,T,1491417876192428,5,
~~,142,63,54,16,88,P,6800,2159,-721,31.7,31.1,T,1491417878192428,95,
~~,142,63,54,17,88,P,4884,2250,535,34.3,30.8,T,1491417880192428,96,
~~,142,63,54,18,88,P,5980,2246,-826,33.4,34.2,T,1491417882192428,48,
~~,142,63,54,19,88,P,5950,2319,-542,30.4,34.4,T,1491417884192428,224,
~~,142,63,54,20,88,P,5870,2161,776,30.1,36.0,T,1491417886192428,114,
~~,142,63,54,21,88,P,7107,2343,-384,34.8,34.9,T,1491417888192428,75,
~~,142,63,54,22,88,P,3141,2247,-132,31.5,33.8,T,1491417890192428,31,
~~,142,63,54,23,88,P,4065,2313,-538,32.3,30.4,T,1491417892192428,203,
~~,142,63,54,24,88,P,5469,2123,443,34.0,32.1,T,1491417894192428,233,
~~,142,63,54,25,88,P,7422,2298,497,34.7,32.1,T,1491417896192428,49,
~~,142,63,54,26,88,P,6509,2178,-894,34.3,32.2,T,1491417898192428,143,
~~,142,63,54,27,88,P,3589,2252,570,31.0,36.2,T,1491417900192428,207,
~~,142,63,54,28,88,P,6518,2225,809,33.2,34.7,T,1491417902192428,83,
~~,142,63,54,29,88,P,4386,2423,-885,34.4,31.1,T,1491417904192428,129,
~~,142,63,54,30,88,P,6107,2235,-421,34.7,32.5,T,1491417906192428,120,
~~,142,63,54,31,88,P,3056,2357,243,30.6,30.1,T,1491417908192428,119,
~~,142,63,54,32,88,P,3373,2126,-648,34.6,35.1,T,1491417910192428,32,
~~,142,63,54,33,88,P,6756,2415,602,35.8,31.4,T,1491417912192428,200,
~~,142,63,54,34,88,P,3062,2285,-293,31.8,34.1,T,1491417914192428,52,
~~,142,63,54,35,88,P,4296,2125,524,30.0,31.8,T,1491417916192428,204,
~~,142,63,54,36,88,P,4885,2176,-655,33.3,31.3,T,1491417918192428,169,
~~,142,63,54,37,88,P,4749,2516,-372,35.9,35.0,T,1491417920192428,94,
~~,142,63,54,38,88,P,3463,2380,122,30.0,35.6,T,1491417922192428,18,
~~,142,63,54,39,88,P,7503,2107,878,32.2,33.2,T,1491417924192428,51,
~~,142,63,54,40,88,P,4066,2137,-297,34.6,32.9,T,1491417926192428,243,
~~,142,63,54,41,88,P,3481,2586,80,34.7,33.1,T,1491417928192428,217,
~~,142,63,54,42,88,P,6580,2506,360,34.4,31.0,T,1491417930192428,222,
~~,142,63,54,43,88,P,5478,2598,-511,33.5,33.4,T,1491417932192428,9,
~~,142,63,54,44,88,P,7421,2397,-242,33.8,35.0,T,1491417934192428,240,
~~,142,63,54,45,88,P,6039,2414,539,31.7,34.9,T,1491417936192428,44,
~~,142,63,54,46,88,P,7428,2221,-333,30.4,35.7,T,1491417938192428,200,
~~,142,63,54,47,88,P,5586,2270,-819,34.7,30.9,T,1491417940192428,154,
~~,142,63,54,48,88,P,6259,2217,-421,36.3,35.3,T,1491417942192428,59,
~~,142,63,54,49,88,P,6654,2160,843,32.9,33.5,T,1491417189217708,3,
~~,142,63,54,50,88,P,4836,2282,-78,33.1,34.8,T,1491417946192428,20,
~~,142,63,54,51,88,P,6948,2577,886,32.5,34.7,T,1491417948192428,188,
~~,142,63,54,52,88,P,3990,2144,-445,30.9,31.6,T,1491417950192428,75,
~~,142,63,54,53,88,P,4728,2542,-527,34.4,36.0,T,1491336347813804,184,
~~,142,63,54,54,88,P,7245,2564,-14,34.3,35.9,T,1491417954192428,156,
~~,142,63,54,55,88,P,3986,2370,-235,33.9,33.2,T,1491417956192428,0,
~~,142,63,54,56,88,P,4942,2197,608,35.1,32.3,T,1491417958192428,120,
~~,142,63,54,57,88,P,5369,2144,-123,30.4,34.2,T,1491417960192428,216,
~~,142,63,54,58,88,P,4519,2105,-771,32.3,33.8,T,1491417962192428,171,
~~,142,63,54,59,88,P,4746,2215,-454,34.2,33.6,T,1491417964192428,230,
~~,142,63,54,60,88,P,5128,2534,478,30.2,34.7,T,1491417966192428,118,
~~,142,63,54,61,88,P,6105,2214,-170,31.4,32.2,T,1491417968192428,87,
~~,142,63,54,62,88,P,5230,2483,-314,31.4,33.9,T,1491417970192428,18,
~~,142,63,54,166,88,P,4230,2167,-214,35.0,31.0,T,1491417972192428,172,
~~,142,63,54,64,88,P,3050,2477,-363,31.2,35.4,T,1491417974192428,129,
~~,142,63,54,65,88,P,7311,2125,-756,33.3,32.2,T,1491417976192428,158,
~~,142,63,54,66,88,P,5846,2375,2,34.2,33.9,T,1491417978192428,42,
~~,142,63,54,67,88,P,3685,2128,558,30.7,36.3,T,1491417980192428,85,
~~,142,63,54,68,88,P,5149,2433,935,31.6,30.9,T,1491417982192428,242,
~~,142,63,54,69,88,P,6997,2384,717,34.4,34.9,T,1491417984192428,88,
~~,142,63,54,70,88,P,7302,2476,293,31.3,35.6,T,1491417986192428,102,
~~,142,63,54,71,88,P,5954,2105,809,30.3,32.0,T,1491417988192428,40,
~~,142,63,54,72,88,P,4243,2157,657,32.4,32.4,T,1491417990192428,5,
~~,142,63,54,73,88,P,5051,2350,-552,33.3,36.1,T,1491417992192428,133,
~~,142,63,54,74,88,P,7430,2502,195,32.0,32.1,T,1491417994192428,186,
~~,142,63,54,75,88,P,7221,2360,-4,35.1,32.7,T,1491417996192428,154,
~~,142,63,54,76,88,P,6219,2138,-597,32.2,30.0,T,1491417998192428,205,
~~,142,63,54,77,88,P,7945,2230,-629,30.4,34.7,T,1491418000192428,139,
~~,142,63,54,78,88,P,3423,2513,-835,30.7,34.3,T,1491418002192428,214,
~~,142,63,54,79,88,P,4877,2280,-16,30.5,33.5,T,1491418004192428,189,
~~,142,63,54,80,88,P,5012,2570,468,36.1,35.5,T,1491418006192428,187,
~~,142,63,54,81,88,P,4139,2209,-516,35.2,30.8,T,1491418008192428,130,
~~,142,63,54,82,88,P,3305,2584,-255,35.0,31.1,T,1491418010192428,35,
~~,142,63,54,83,88,P,7123,2427,890,30.0,36.2,T,1491418012192428,38,
~~,142,63,54,84,88,P,5837,2473,327,31.4,30.2,T,1491418014192428,66,
~~,142,63,54,85,88,P,6784,2317,269,36.1,31.8,T,1491418016192428,253,
~~,142,63,54,86,88,P,4514,2335,984,34.9,32.3,T,1491418018192428,232,
~~,142,63,54,87,88,P,6701,2465,787,34.6,33.9,T,1491418020192428,102,
~~,142,63,54,88,88,P,3703,2439,-837,31.2,35.9,T,1491418022192428,139,
~~,142,63,54,89,88,P,6533,2137,-903,32.8,34.9,T,1491418024192428,185,
~~,142,63,54,90,88,P,3990,2296,-190,32.5,30.6,T,1491418026192428,81,
~~,142,63,54,91,88,P,7172,2343,-443,36.1,31.4,T,1491418028192428,84,
~~,142,63,54,92,88,P,6353,2454,224,32.2,32.2,T,1491418030192428,122,
~~,142,63,54,93,88,P,6880,2452,51,30.9,34.9,T,1491418032192428,229,
~~,142,63,54,94,88,P,3697,2415,600,32.0,32.8,T,1491418034192428,68,
~~,142,63,54,95,88,P,5383,2142,-431,31.4,33.9,T,1491418036192428,155,
~~,142,63,54,96,88,P,6155,2154,-833,32.3,30.7,T,1491418038192428,15,
~~,142,63,54,97,88,P,4071,2285,105,32.8,32.1,T,1491418040192428,212,
~~,142,63,54,98,88,P,3574,2485,392,34.3,33.2,T,1491418042192428,160,
~~,142,63,54,99,88,P,6656,2166,-41,32.7,31.4,T,1491418044192428,122,
~~,142,63,54,100,88,P,5525,2267,900,35.3,34.3,T,1491418046192428,121,
~~,142,63,54,101,88,P,5361,2365,-709,30.9,34.3,T,1491418048192428,18,
~~,142,63,54,102,88,P,3393,2577,-306,34.5,31.3,T,1491418050192428,53,
~~,142,63,54,103,88,P,7770,2163,365,35.0,33.2,T,1491418052192428,205,
~~,142,63,54,104,88,P,5623,2537,-407,33.2,30.4,T,1491418054192428,211,
~~,142,63,54,105,88,P,4542,2265,-993,35.6,34.7,T,1491418056192428,6,
~~,142,63,54,106,88,P,3446,2517,-62,33.2,30.5,T,1491418058192428,205,
~~,142,63,54,107,88,P,7633,2233,289,33.9,34.8,T,1491418060192428,200,
~~,142,63,54,108,88,P,6908,2437,-108,34.1,31.0,T,1491418062192428,98,
~~,142,63,54,109,88,P,7357,2417,366,31.6,35.6,T,1491418064192428,158,
~~,142,63,54,110,88,P,6004,2435,568,34.5,32.2,T,1491418066192428,238,
~~,142,63,54,111,88,P,6659,2247,600,31.3,30.2,T,1491418068192428,10,
~~,142,63,54,112,88,P,6224,2255,-367,32.7,36.0,T,1491418070192428,21,
~~,142,63,54,113,88,P,4198,2322,383,35.7,35.4,T,1491418072192428,151,
~~,142,63,54,114,88,P,7524,2531,488,35.6,30.8,T,1491418074192428,92,
~~,142,63,54,115,88,P,4749,2355,218,31.8,30.8,T,1491418076192428,0,
~~,142,63,54,116,88,P,5555,2484,144,32.4,36.0,T,1491418078192428,65,
~~,142,63,54,117,88,P,4073,2324,-734,33.3,34.1,T,1491418080192428,9,
~~,142,63,54,118,88,P,6757,2227,-239,33.8,31.4,T,1491418082192428,227,
~~,142,63,54,119,88,P,3293,2556,-773,31.0,31.6,T,1491418084192428,63,
~~,142,63,54,120,88,P,6320,2280,255,35.6,34.8,T,1491418086192428,250,
~~,142,63,54,121,88,P,3925,2146,631,30.8,33.4,T,1491418088192428,133,
~~,142,63,54,122,88,P,7971,2214,-895,30.5,30.5,T,1491418090192428,90,
~~,142,63,54,123,88,P,5426,2442,473,33.4,34.0,T,1491418092192428,176,
~~,142,63,54,124,88,P,6586,2317,863,33.4,30.7,T,1491418094192428,21,
~~,142,63,54,125,88,P,7229,2381,635,30.9,32.3,T,1491418096192428,26,
~~,142,63,54,126,88,P,7695,2308,426,31.9,32.5,T,1491418098192428,48,
~~,142,63,54,127,88,P,6895,2286,357,33.1,34.6,T,1491418100192428,107,
~~,142,63,54,128,88,P,6131,2312,64,32.2,35.5,T,1491418102192428,80,
~~,142,63,54,129,88,P,4750,2137,465,30.3,33.9,T,1491418104192428,216,
~~,142,63,54,130,88,P,3429,2350,71,33.9,30.7,T,1491418106192428,146,
~~,142,63,54,131,88,P,4709,2544,-925,35.5,34.6,T,1491418108192428,89,
~~,142,63,54,132,88,P,5720,2557,-958,34.8,32.6,T,1491418110192428,108,
~~,142,63,54,133,88,P,5096,2100,21,36.3,31.5,T,1491418112192428,171,
~~,142,63,54,134,88,P,5096,2498,-779,31.5,35.2,T,1491418114192428,38,
~~,142,63,54,135,88,P,5860,2270,-111,35.9,35.7,T,1491418116192428,24,
~~,142,63,114,136,88,P,6296,2477,417,33.9,34.8,T,1491418118192428,120,
~~,142,63,54,137,88,P,7239,2362,-319,35.0,35.3,T,1491418120192428,231,
~~,142,63,54,138,88,P,7430,2224,471,35.8,30.5,T,1491418122192428,157,
~~,142,63,54,139,88,P,7076,2360,-607,36.1,31.0,T,1491418124192428,134,
~~,142,63,54,140,88,P,5834,2237,188,31.4,30.3,T,1491418126192428,213,
~~,142,63,54,141,88,P,7612,2564,-658,35.8,31.3,T,1491418128192428,138,
~~,142,63,54,142,88,P,6192,2381,737,32.5,33.7,T,1491418130192428,64,
~~,142,63,54,143,88,P,6365,2529,-666,34.6,31.3,T,1491418132192428,94,
~~,142,63,54,144,88,P,7007,2165,-494,30.7,31.6,T,1491418134192428,152,
~~,142,63,54,145,88,P,6007,2576,404,34.7,31.3,T,1491418136192428,25,
~~,142,63,54,146,88,P,3936,2501,-621,30.8,35.2,T,1491418138192428,101,
~~,142,63,54,147,88,P,7224,2362,801,32.0,34.2,T,1491418140192428,81,
~~,142,63,54,148,88,P,7049,2200,260,31.8,35.5,T,1491418142192428,148,
~~,142,63,54,149,88,P,3075,2163,-646,30.3,34.4,T,1491418144192428,210,
~~,142,63,54,150,88,P,7962,2417,783,34.7,30.5,T,1491418146192428,229,
~~,142,63,54,151,88,P,4481,2150,-852,34.4,31.9,T,1491418148192428,211,
~~,142,63,54,152,88,P,6349,2500,357,33.1,30.6,T,1491418150192428,88,
~~,142,63,54,153,88,P,5831,2423,-897,35.2,36.3,T,1491418152192428,38,
~~,142,63,54,154,88,P,7296,2317,221,35.0,30.3,T,1491418154192428,137,
~~,142,63,54,155,88,P,3553,2211,768,33.5,36.2,T,1491418156192428,44,
~~,142,63,54,156,88,P,4597,2241,-75,32.3,33.8,T,1491418158192428,69,
~~,142,63,54,157,88,P,7243,2293,-168,31.6,32.0,T,1491418160192428,2,
~~,142,63,54,158,88,P,3857,2553,-220,34.7,34.2,T,1491418162192428,31,
~~,142,63,54,159,88,P,4614,2314,-515,35.8,34.5,T,1491418164192428,13,
~~,142,63,54,160,88,P,3856,2285,24,35.2,33.0,T,1491418166192428,246,
~~,142,63,54,161,88,P,7358,2126,479,33.7,32.3,T,1491418168192428,4,
~~,142,63,54,162,88,P,3769,2342,-275,30.2,32.3,T,1491418170192428,50,
~~,142,63,54,163,88,P,7499,2200,-361,34.6,33.0,T,1491418172192428,31,
~~,142,63,54,164,88,P,7496,2558,315,33.8,34.8,T,1491418174192428,230,
~~,142,63,54,165,88,P,7833,2409,-867,31.5,35.8,T,1491418176192428,181,
~~,142,63,54,166,88,P,7415,2438,-981,30.5,32.5,T,1491418178192428,180,
~~,142,63,54,167,88,P,7852,2153,946,33.2,34.6,T,1491418180192428,58,
~~,142,63,54,168,88,P,7948,2389,4,32.8,32.3,T,1491418182192428,147,
~~,142,63,54,169,88,P,3331,2209,4,34.3,35.9,T,1491418184192428,12,
~~,142,63,54,170,88,P,3513,2513,-738,36.2,30.6,T,1491418186192428,11,
~~,142,63,54,171,88,P,7100,2141,-21,35.2,34.8,T,1491418188192428,93,
~~,142,63,54,172,88,P,4140,2291,735,31.9,35.1,T,1491418190192428,100,
~~,142,63,54,173,88,P,7394,2512,-998,35.8,34.7,T,1491418192192428,73,
~~,142,63,54,174,88,P,6656,2426,330,30.0,35.9,T,1491418194192428,87,
~~,142,63,54,175,88,P,7376,2399,71,32.8,33.1,T,1491418196192428,129,
~~,142,63,54,176,88,P,4836,2536,601,31.1,35.2,T,1491418198192428,177,
~~,142,63,54,177,88,P,3789,2498,378,32.4,35.2,T,1491418200192428,161,
~~,142,63,54,178,88,P,4325,2348,68,34.2,33.3,T,1491418202192428,48,
~~,142,63,54,179,88,P,5552,2295,-222,32.5,30.5,T,1491418204192428,195,
~~,142,63,54,180,88,P,4647,2473,-786,32.7,35.6,T,1491418206192428,121,
~~,142,63,54,181,88,P,3921,2217,434,34.3,31.0,T,1491418208192428,133,
~~,142,63,54,182,88,P,3421,2468,-866,35.2,35.4,T,1491418210192428,62,
~~,142,63,54,183,88,P,5412,2389,167,31.2,33.8,T,1491418212192428,198,
~~,142,63,54,184,88,P,3419,2140,977,33.3,30.5,T,1491418214192428,75,
~~,142,63,54,185,88,P,5524,2505,-893,32.9,32.8,T,1491418216192428,187,
~~,142,63,54,186,88,P,6336,2459,-651,35.3,33.5,T,1491418218192428,130,
~~,107,63,54,187,88,P,4420,2504,85,34.2,30.6,T,1491418220192428,250,
~~,142,63,54,188,88,P,7307,2517,832,32.4,34.1,T,1491418222192428,119,
~~,142,63,54,189,88,P,5487,2197,463,31.4,30.9,T,1491418224192428,85,
~~,142,63,54,190,88,P,5600,2561,844,32.9,32.5,T,1491418226192428,179,
~~,142,63,54,191,88,P,4034,2522,-993,33.1,34.9,T,1491418228192428,246,
~~,142,63,54,192,88,P,3601,2406,-121,34.0,35.3,T,1491418230192428,127,
~~,142,63,54,193,88,P,3194,2577,-431,33.4,32.5,T,1491418232192428,162,
~~,142,63,54,194,88,P,5652,2335,594,34.2,31.2,T,1491418234192428,203,
~~,142,63,54,195,88,P,6667,2145,203,30.8,31.9,T,1491418236192428,15,
~~,142,63,54,196,88,P,5743,2375,59,33.5,30.2,T,1491418238192428,42,
~~,142,63,54,197,88,P,3350,2128,-569,34.6,32.2,T,1491418240192428,184,
~~,142,63,54,198,88,P,5906,2565,713,30.5,32.3,T,1491418242192428,248,
~~,142,63,54,199,88,P,3797,2232,317,32.2,31.2,T,1491418244192428,240,
~~,142,63,54,200,88,P,3726,2100,-363,31.0,35.4,T,1491418246192428,36,
~~,142,63,54,201,88,P,5153,2219,347,31.7,34.1,T,1491418248192428,45,
~~,142,63,54,202,88,P,5397,2253,966,36.0,34.3,T,1491418250192428,87,
~~,142,63,54,203,88,P,3819,2237,447,30.8,30.1,T,1491418252192428,219,
~~,142,63,54,204,88,P,4947,2317,-883,33.1,31.7,T,1491418254192428,9,
~~,142,63,54,205,88,P,6064,2561,242,34.5,31.9,T,1491418256192428,22,
~~,142,63,54,206,88,P,7155,2174,-458,30.6,34.7,T,1491418258192428,249,
~~,142,63,54,207,88,P,3667,2485,-659,34.6,36.3,T,1491418260192428,220,
~~,142,63,54,208,88,P,4306,2260,-104,35.7,35.6,T,1491418262192428,232,
~~,142,63,54,209,88,P,7176,2588,-536,31.9,30.9,T,1491418264192428,63,
~~,142,63,54,210,88,P,5259,2457,-658,32.2,32.8,T,1491418266192428,136,
~~,142,63,54,211,88,P,4879,2481,593,33.7,30.3,T,1491418268192428,234,
~~,142,63,54,212,88,P,5360,2323,253,34.2,30.8,T,1491418270192428,206,
~~,142,63,54,213,88,P,5141,2582,99,35.5,30.8,T,1491418272192428,14,
~~,142,63,54,214,88,P,5692,2237,-105,33.8,30.6,T,1491418274192428,252,
~~,142,63,54,215,88,P,6656,2119,251,33.9,32.9,T,1491418276192428,9,
~~,142,63,54,216,88,P,4550,2194,673,35.2,34.7,T,1491418278192428,22,
~~,142,63,54,217,88,P,6772,2108,787,34.2,36.2,T,1491418280192428,25,
~~,142,63,54,218,88,P,6364,2251,675,34.1,31.5,T,1491418282192428,161,
~~,142,63,54,219,88,P,5566,2220,-734,33.5,35.4,T,1491418284192428,33,
~~,142,63,54,220,88,P,4962,2389,101,34.4,36.1,T,1491418286192428,91,
~~,142,63,54,221,88,P,4501,2459,-683,32.8,31.5,T,1491418288192428,17,
~~,142,63,54,222,88,P,4786,2560,227,35.1,36.2,T,1491418290192428,145,
~~,142,63,54,223,88,P,6550,2274,572,31.0,32.7,T,1491418292192428,148,
~~,142,63,54,224,88,P,4963,2220,659,34.7,30.5,T,1491418294192428,120,
~~,142,63,54,225,88,P,6359,2492,-938,35.0,30.6,T,1491418296192428,10,
~~,142,63,54,226,88,P,4740,2267,94,34.1,35.6,T,1491418298192428,235,
~~,142,63,54,227,88,P,7396,2546,536,32.6,31.8,T,1491418300192428,191,
~~,142,63,54,228,88,P,6994,2400,-875,33.3,32.6,T,1491418302192428,56,
~~,142,63,54,229,88,P,4514,2298,-494,33.1,32.0,T,1491418304192428,191,
~~,142,63,54,230,88,P,6611,2189,-45,33.6,31.6,T,1491418306192428,11,
~~,142,63,54,231,88,P,5656,2233,-47,33.8,32.6,T,1491418308192428,112,
~~,142,63,54,232,88,P,6469,2182,544,32.2,30.4,T,1491418310192428,34,
~~,142,63,54,233,88,P,6370,2370,638,31.2,31.4,T,1491418312192428,72,
~~,142,63,54,234,88,P,3041,2363,-134,31.4,30.8,T,1491418314192428,67,
~~,142,63,54,235,88,P,3635,2503,-294,36.1,35.7,T,1491418316192428,128,
~~,142,63,54,236,88,P,5199,2505,-853,35.6,36.2,T,1491418318192428,103,
~~,142,63,54,237,88,P,6221,2185,103,34.0,31.2,T,1491418320192428,5,
~~,142,63,54,238,88,P,6889,2300,-46,30.1,33.2,T,1491418322192428,120,
~~,142,63,54,239,88,P,5348,2116,715,32.2,33.8,T,1491418324192428,1,
~~,142,63,54,240,88,P,4284,2307,17,30.6,30.4,T,1491418326192428,54,
~~,142,63,54,241,88,P,6800,2297,414,30.6,31.7,T,1491418328192428,165,
~~,142,63,54,242,88,P,6850,2364,-905,30.7,33.4,T,1491418330192428,36,
~~,142,63,54,243,88,P,5378,2424,-285,35.1,35.8,T,1491418332192428,216,
~~,142,63,54,244,88,P,7035,2398,-873,36.3,33.8,T,1491418334192428,163,
~~,142,63,54,245,88,P,6111,2463,64,34.9,32.9,T,1491418336192428,73,
~~,142,63,54,246,88,P,5070,2586,-491,34.3,30.9,T,1491418338192428,4,
~~,142,63,54,247,88,P,46483,2425,-183,31.8,31.0,T,1491418340192428,154,
~~,142,63,54,248,88,P,7183,2318,507,34.8,30.1,T,1491418342192428,153,
~~,142,63,54,249,88,P,5138,2283,-988,31.3,33.6,T,1491418344192428,123,
~~,142,63,54,106,88,P,3846,2179,-808,33.8,30.6,T,1491418346192428,32,
~~,142,63,54,251,88,P,3878,2179,753,32.5,32.0,T,1491418348192428,188,
~~,142,63,54,252,88,P,4642,2242,-514,35.7,34.0,T,1491418350192428,30,
~~,142,63,54,253,88,P,4517,2538,127,31.5,30.9,T,1491418352192428,19,
~~,142,63,54,254,88,P,7049,2161,578,34.6,34.8,T,1491418354192428,112,
~~,142,63,54,255,88,P,6924,2441,-315,33.0,30.0,T,1491418356192428,113,
~~,142,63,54,0,88,P,5239,2291,-824,34.0,36.0,T,1491418358192428,57,
~~,142,63,54,1,88,P,5041,2231,166,33.5,30.3,T,1491418360192428,116,
~~,142,63,54,2,88,P,4232,2499,-454,34.1,33.8,T,1491418362192428,180,
~~,142,63,54,3,88,P,5015,2542,516,31.0,34.6,T,1491418364192428,156,
~~,142,63,54,4,88,P,3061,2452,-570,33.3,35.8,T,1491418366192428,156,
~~,142,63,54,5,88,P,3426,2250,367,34.8,30.4,T,1491418368192428,77,
~~,142,63,54,6,88,P,3256,2443,-443,32.2,31.1,T,1491418370192428,82,
~~,142,63,54,7,88,P,4319,2484,-121,32.9,34.5,T,1491418372192428,110,
~~,142,63,54,8,88,P,4611,2228,-629,33.9,32.7,T,1491418374192428,43,
~~,142,63,54,9,88,P,7650,2295,292,30.5,36.1,T,1491418376192428,61,
~~,142,63,54,10,88,P,3769,2508,255,31.4,34.1,T,1491418378192428,172,
~~,142,63,54,11,88,P,3135,2366,89,36.0,34.8,T,1491418380192428,3,
~~,142,63,54,12,88,P,7497,2129,-808,34.2,33.7,T,1491418382192428,84,
~~,142,63,54,13,88,P,4042,2362,-314,32.4,36.0,T,1491418384192428,221,
~~,142,63,54,14,88,P,6527,2508,77,34.1,32.2,T,1491418386192428,244,
~~,142,63,54,15,88,P,5055,2212,241,35.9,32.7,T,1491418388192428,4,
~~,142,63,54,16,88,P,5347,2312,344,33.1,34.0,T,1491418390192428,253,
~~,142,63,54,17,88,P,7467,2130,439,31.8,31.0,T,1491418392192428,11,
~~,142,63,54,18,88,P,3038,2312,-603,32.8,32.6,T,1491418394192428,139,
~~,142,63,54,19,88,P,7663,2125,-545,34.5,31.6,T,1491418396192428,191,
~~,142,63,54,20,88,P,7174,2353,-462,32.6,31.6,T,1491418398192428,95,
~~,142,63,54,21,88,P,7697,2540,-101,34.6,31.4,T,1491418400192428,247,
~~,142,63,54,22,88,P,3652,2165,485,30.6,31.7,T,1491418402192428,0,
~~,142,63,54,23,88,P,7184,2300,111,31.6,30.7,T,1491418404192428,242,
~~,142,63,54,24,88,P,6087,2428,-453,34.6,36.3,T,1491418406192428,122,
~~,142,63,54,25,88,P,7168,2171,447,35.5,31.8,T,1491418408192428,184,
~~,142,63,54,26,88,P,3333,2292,708,30.3,33.1,T,1491418410192428,69,
~~,142,63,54,27,88,P,4820,2489,-7,31.2,33.9,T,1491418412192428,69,
~~,142,63,54,28,88,P,4173,2510,98,30.8,30.5,T,1491418414192428,80,
~~,142,63,54,29,88,P,4574,2296,-672,32.2,35.0,T,1491418416192428,60,
~~,142,63,54,30,88,P,5914,2258,699,34.6,32.8,T,1491418418192428,152,
~~,142,63,54,31,88,P,6234,2197,328,35.9,32.0,T,1491418420192428,224,
~~,142,63,54,32,88,P,3279,2484,7,32.9,33.8,T,1491418422192428,128,
~~,142,63,54,33,88,P,6969,2207,18,31.9,34.0,T,1491225150664108,247,
~~,142,63,54,34,88,P,4383,2282,132,32.9,31.0,T,1491418426192428,77,
~~,142,63,54,35,88,P,5534,2345,-645,35.9,31.5,T,1491418428192428,80,
~~,142,63,54,36,88,P,7091,2156,824,34.0,34.7,T,1491418430192428,254,
~~,142,63,54,37,88,P,4266,2139,-913,32.2,34.3,T,1491418432192428,230,
~~,142,63,54,38,88,P,5517,2363,459,30.7,36.3,T,1491418434192428,146,
~~,142,63,54,39,88,P,7653,2237,-744,35.1,31.9,T,1491418436192428,68,
~~,142,63,54,40,88,P,5827,2152,435,32.4,31.4,T,1491418438192428,30,
~~,142,63,54,41,88,P,6173,2296,673,34.4,30.3,T,1491418440192428,23,
~~,142,63,54,42,88,P,6137,2416,446,35.2,30.3,T,1491418442192428,122,
~~,142,63,54,43,88,P,3516,2592,-713,35.5,36.0,T,1491418444192428,60,
~~,142,63,54,44,88,P,6308,2575,-387,32.8,31.3,T,1491418446192428,56,
~~,142,63,54,45,88,P,5336,2328,-640,34.7,30.2,T,1491418448192428,211,
~~,142,63,54,46,88,P,7679,2588,857,34.8,34.5,T,1491418450192428,110,
~~,142,63,54,47,88,P,3181,2581,-919,31.9,32.8,T,1491418452192428,25,
~~,142,63,54,48,88,P,7453,2384,-733,30.6,32.0,T,1491418454192428,83,
~~,142,63,54,49,88,P,6231,2578,-700,32.5,34.6,T,1491418456192428,234,
~~,142,63,54,50,88,P,4804,2376,-563,31.8,35.5,T,1491418458192428,158,
~~,142,63,54,51,88,P,3771,2582,-982,34.1,31.7,T,1491418460192428,108,
~~,142,63,54,52,88,P,7457,2561,-506,34.5,36.3,T,1491418462192428,215,
~~,142,63,54,53,88,P,4325,2541,496,30.5,35.9,T,1491418464192428,80,
~~,142,63,54,54,88,P,7630,2448,650,32.8,32.6,T,1491418466192428,2,
~~,142,63,54,55,88,P,4893,2306,-21,32.0,31.3,T,1491418468192428,221,
~~,142,63,54,56,88,P,7981,2414,-227,31.9,30.2,T,1491418470192428,11,
~~,142,63,54,57,88,P,4566,2282,634,34.7,34.0,T,1491418472192428,47,
~~,142,63,54,58,88,P,4306,2465,-348,34.2,31.0,T,1491418474192428,85,
~~,142,63,54,59,88,P,3479,2231,-335,33.8,32.4,T,1491418476192428,67,
~~,142,63,54,60,88,P,7347,2147,51,31.6,30.9,T,1491418478192428,233,
~~,142,63,54,61,88,P,3631,2306,889,33.5,32.1,T,1491418480192428,79,
~~,142,63,54,62,88,P,7405,2268,503,31.8,31.5,T,1491418482192428,33,
~~,142,63,54,63,88,P,5665,2372,757,36.3,32.2,T,1491418484192428,51,
~~,142,63,54,64,88,P,7092,2120,-923,32.2,33.5,T,1491418486192428,37,
~~,142,63,54,65,88,P,6984,2200,128,30.6,33.2,T,1491418488192428,17,
~~,142,63,54,66,88,P,7107,2154,-489,30.0,31.1,T,1491418490192428,38,
~~,142,63,54,67,88,P,4557,2130,-793,30.4,35.8,T,1491418492192428,25,
~~,142,63,54,68,88,P,3458,2349,965,35.6,35.7,T,1491418494192428,80,
~~,142,63,54,69,88,P,4580,2439,169,31.5,34.6,T,1491418496192428,191,
~~,142,63,54,70,88,P,5573,2266,445,36.3,31.2,T,1491418498192428,65,
~~,142,63,54,71,88,P,7686,2513,-458,30.5,33.4,T,1491418500192428,137,
~~,142,63,54,72,88,P,7266,2193,72,36.3,30.1,T,1491418502192428,30,
~~,142,63,54,73,88,P,5219,2275,240,33.3,31.7,T,1491418504192428,21,
~~,142,63,54,74,88,P,3581,2479,10,33.2,31.5,T,1491418506192428,122,
~~,142,63,54,75,88,P,6331,2493,-720,32.3,32.2,T,1491418508192428,94,
~~,142,63,54,76,88,P,4030,2364,-247,31.0,35.2,T,1491418510192428,213,
~~,142,63,54,77,88,P,5181,2481,269,31.1,30.6,T,1491418512192428,223,
~~,142,63,54,78,88,P,4913,2194,-708,33.9,31.1,T,1491418514192428,156,
~~,142,63,54,79,88,P,4356,2222,-710,30.1,30.7,T,1491418516192428,183,
~~,142,63,54,80,88,P,7942,2362,-944,34.8,33.1,T,1491418518192428,153,
~~,142,63,54,81,88,P,5690,2265,-393,34.5,33.6,T,1491418520192428,129,
~~,142,63,54,82,88,P,5789,2454,750,32.3,31.2,T,1491418522192428,238,
~~,142,63,54,83,88,P,3217,2460,655,36.3,33.4,T,1491418524192428,252,
~~,142,63,54,84,88,P,6132,2536,306,30.5,33.8,T,1491418526192428,177,
~~,142,63,54,85,88,P,5440,2111,590,33.4,30.8,T,1491418528192428,210,
~~,142,63,54,86,88,P,4669,2169,627,36.3,30.5,T,1491418530192428,58,
~~,142,63,54,87,88,P,5603,2155,-368,30.6,30.6,T,1491418532192428,155,
~~,142,63,54,88,88,P,3300,2464,886,34.1,34.2,T,1491418534192428,22,
~~,142,63,54,89,88,P,4100,2281,830,35.6,36.2,T,1491418536192428,155,
~~,142,63,54,90,88,P,7377,2136,-288,30.4,32.9,T,1491418538192428,230,
~~,142,63,54,91,88,P,6955,2129,-881,35.5,36.1,T,1491418540192428,113,
~~,142,63,54,92,88,P,7292,2475,264,31.8,30.1,T,1491418542192428,130,
~~,142,63,54,93,88,P,5595,2586,169,35.6,32.0,T,1491418544192428,190,
~~,142,63,54,94,88,P,3907,2529,120,33.5,32.9,T,1491418546192428,174,
~~,142,63,54,95,88,P,7067,2448,-148,30.2,35.4,T,1491418548192428,141,
~~,142,63,54,96,88,P,3603,2160,583,34.3,30.3,T,1491418550192428,74,
~~,142,63,54,97,88,P,6020,2357,-595,33.0,33.1,T,1491418552192428,118,
~~,142,63,54,98,88,P,4785,2424,10,32.9,33.9,T,1491418554192428,127,
~~,142,63,54,99,88,P,6128,2487,-302,35.0,32.8,T,1491418556192428,9,
~~,142,63,54,100,88,P,7162,2245,-842,35.4,34.6,T,1491418558192428,209,
~~,142,63,54,101,88,P,5775,2340,-529,31.3,35.1,T,1491418560192428,168,
~~,142,63,54,102,88,P,3442,2122,-420,31.0,30.2,T,1491418562192428,74,
~~,142,63,54,103,88,P,3418,2468,870,33.5,30.2,T,1491418564192428,188,
~~,142,63,54,104,88,P,6981,2336,593,32.9,33.9,T,1491418566192428,25,
~~,142,63,54,105,88,P,5306,2116,-72,34.2,35.2,T,1491418568192428,231,
~~,142,63,54,106,88,P,3167,2432,-138,34.7,33.2,T,1491418570192428,56,
~~,142,63,54,107,88,P,4853,2106,-719,33.8,31.8,T,1491418572192428,30,
~~,142,63,54,108,88,P,3949,2230,-985,35.2,30.2,T,1491418574192428,21,
~~,142,63,54,109,88,P,5819,2269,484,34.6,31.1,T,1491418576192428,176,
~~,142,63,54,110,88,P,4768,2554,435,31.2,32.0,T,1491418578192428,215,
~~,142,63,54,111,88,P,3489,2222,470,34.5,33.6,T,1491418580192428,176,
~~,142,63,54,112,88,P,3808,2538,-186,34.2,33.6,T,1491418582192428,164,
~~,142,63,54,113,88,P,4788,2363,-889,34.9,36.2,T,1491418584192428,248,
~~,142,63,54,114,88,P,4935,2384,-663,32.2,31.4,T,1491418586192428,146,
~~,142,63,54,115,88,P,3962,2147,936,32.5,35.4,T,1491418588192428,189,
~~,142,63,54,116,88,P,3929,2591,325,34.6,34.5,T,1491418590192428,85,
~~,142,63,54,117,88,P,5531,2524,964,34.9,31.0,T,1491418592192428,204,
~~,142,63,54,118,88,P,4715,2425,72,33.3,35.6,T,1491418594192428,159,
~~,142,63,54,119,88,P,4715,2404,-425,33.6,32.4,T,1491418596192428,160,
~~,142,63,54,120,88,P,3008,2381,-424,33.1,32.6,T,1491418598192428,71,
~~,142,63,54,121,88,P,4779,2375,-845,31.9,32.9,T,1491418600192428,231,
~~,142,63,54,122,88,P,6034,2347,636,31.4,32.5,T,1491418602192428,45,
~~,142,63,54,123,88,P,7885,2247,-703,31.5,34.0,T,1491418604192428,91,
~~,142,63,54,124,88,P,4591,2270,14,34.4,32.7,T,1491418606192428,43,
~~,142,63,54,125,88,P,5808,2571,-56,34.1,32.2,T,1491418608192428,97,
~~,142,63,54,126,88,P,5192,2249,-772,35.2,33.6,T,1491418610192428,161,
~~,142,63,54,127,88,P,4211,2440,101,36.2,31.6,T,1491418612192428,51,
~~,142,63,54,128,88,P,4479,2545,-952,34.6,35.4,T,1491418614192428,164,
~~,142,63,54,129,88,P,4576,2226,-969,32.5,30.1,T,1491418616192428,186,
~~,142,63,54,130,88,P,3057,2290,80,32.9,30.4,T,1491418618192428,39,
~~,142,63,54,131,88,P,7330,2546,750,35.0,32.6,T,1491418620192428,116,
~~,142,63,54,132,88,P,5782,2123,629,34.1,35.5,T,1491418622192428,111,
~~,142,63,54,133,88,P,3395,2197,27,33.7,34.4,T,1491418624192428,200,
~~,142,63,54,134,88,P,7384,2446,-715,33.1,30.6,T,1491418626192428,27,
~~,142,63,54,135,88,P,7361,2521,-141,30.2,32.7,T,1491418628192428,139,
~~,142,63,54,136,88,P,4592,2160,78,30.4,33.3,T,1491418630192428,201,
~~,142,63,54,137,88,P,7315,2265,534,31.7,34.8,T,1491418632192428,168,
~~,142,63,54,138,88,P,4157,2197,-710,31.5,34.8,T,1491418634192428,12,
~~,142,63,54,139,88,P,7011,2322,-472,33.7,31.3,T,1491418636192428,87,
~~,142,63,54,140,88,P,5092,2216,-903,32.6,30.4,T,1491418638192428,233,
~~,142,63,54,141,88,P,7564,2380,-193,33.5,30.6,T,1491418640192428,155,
~~,142,63,54,142,88,P,6286,2121,-656,31.0,36.1,T,1491418642192428,48,
~~,142,63,54,143,88,P,4511,2158,-535,33.3,34.3,T,1491418644192428,96,
~~,142,63,54,144,88,P,4688,2512,-243,34.6,30.3,T,1491418646192428,27,
~~,142,63,54,145,88,P,4109,2547,980,30.2,34.8,T,1491418648192428,78,
~~,142,63,54,146,88,P,5635,2147,472,33.5,32.5,T,1491418650192428,178,
~~,142,63,54,147,88,P,3953,2443,-597,32.5,32.5,T,1491418652192428,58,
~~,142,63,54,148,88,P,5088,2423,-198,34.9,33.5,T,1491418654192428,2,
~~,142,63,54,149,88,P,7872,2382,705,30.0,32.0,T,1491418656192428,211,
~~,142,63,54,150,88,P,5091,2363,611,31.8,31.9,T,1491418658192428,246,
~~,142,63,54,151,88,P,3935,2315,477,35.8,31.2,T,1491418660192428,241,
~~,142,63,54,152,88,P,7966,2209,820,32.1,33.4,T,1491418662192428,30,
~~,142,63,54,153,88,P,3373,2303,-88,30.1,33.8,T,1491418664192428,64,
~~,142,63,54,154,88,P,7808,2566,-43,32.0,32.0,T,1491418666192428,128,
~~,142,63,54,155,88,P,5848,2580,-421,30.3,32.0,T,1491418668192428,139,
~~,142,63,54,156,88,P,4063,36724,-832,36.2,32.5,T,1491418670192428,99,
~~,142,63,54,157,88,P,4319,2423,83,32.0,35.7,T,1491418672192428,175,
~~,142,63,54,158,88,P,5248,2461,-187,31.3,31.2,T,1491418674192428,2,
~~,142,63,54,159,88,P,3008,2140,-320,33.9,33.5,T,1491418676192428,63,
~~,142,63,54,160,88,P,5235,2504,-293,31.5,33.8,T,1491418678192428,235,
~~,142,63,54,161,88,P,5774,2331,312,33.8,31.9,T,1491418680192428,244,
~~,142,63,54,162,88,P,5297,2140,-696,34.8,34.7,T,1491418682192428,60,
~~,142,63,54,163,88,P,4321,2424,201,32.5,32.9,T,1491418684192428,117,
~~,142,63,54,164,88,P,4148,2522,-192,33.1,32.1,T,1491418686192428,38,
~~,142,63,54,165,88,P,4317,2374,-584,35.8,31.1,T,1491418688192428,103,
~~,142,63,54,166,88,P,7868,2140,55,30.9,31.2,T,1491418690192428,238,
~~,142,63,54,167,88,P,4924,2136,-584,33.9,33.5,T,1491418692192428,166,
~~,142,63,54,168,88,P,5264,2308,-177,35.7,33.3,T,1491418694192428,215,
~~,142,63,54,169,88,P,6523,2374,-195,31.2,33.3,T,1491418696192428,192,
~~,142,63,54,170,88,P,6742,2224,-302,30.5,34.5,T,1491418698192428,190,
~~,142,63,54,171,88,P,3093,2195,433,35.7,35.0,T,1491418700192428,235,
~~,142,63,54,172,88,P,5941,2426,444,33.9,32.1,T,1491418702192428,216,
~~,142,63,54,173,88,P,4248,2145,-145,30.9,34.7,T,1491418704192428,196,
~~,142,63,54,174,88,P,7499,2600,473,30.6,31.9,T,1491418706192428,202,
~~,142,63,54,176,88,P,7023,2510,-518,30.0,30.5,T,1491418710192428,178,
~~,142,63,54,177,88,P,7097,2329,482,35.1,34.1,T,1491418712192428,182,
~~,142,63,54,178,88,P,7356,2479,958,35.4,30.8,T,1491418714192428,56,
